title,link,score
"Show HN: Gemini Pro 3 imagines the HN front page 10 years from now","https://dosaygo-studio.github.io/hn-front-page-2035/news",3331
"Size of Life","https://neal.fun/size-of-life/",2597
"Apple has locked my Apple ID, and I have no recourse. A plea for help","https://hey.paris/posts/appleid/",1658
"GPT-5.2","https://openai.com/index/introducing-gpt-5-2/",1184
"Ask HN: Should "I asked $AI, and it said" replies be forbidden in HN guidelines?","item?id=46206457",975
"Rust in the kernel is no longer experimental","https://lwn.net/Articles/1049831/",958
"Australia begins enforcing world-first teen social media ban","https://www.reuters.com/legal/litigation/australia-social-media-ban-takes-effect-world-first-2025-12-09/",956
"Valve: HDMI Forum Continues to Block HDMI 2.1 for Linux","https://www.heise.de/en/news/Valve-HDMI-Forum-Continues-to-Block-HDMI-2-1-for-Linux-11107440.html",893
"Getting a Gemini API key is an exercise in frustration","https://ankursethi.com/blog/gemini-api-key-frustration/",841
"Icons in Menus Everywhere – Send Help","https://blog.jim-nielsen.com/2025/icons-in-menus/",840
"10 Years of Let's Encrypt","https://letsencrypt.org/2025/12/09/10-years",814
"GrapheneOS is the only Android OS providing full security patches","https://grapheneos.social/@GrapheneOS/115647408229616018",793
"Bruno Simon – 3D Portfolio","https://bruno-simon.com/",774
"Mistral releases Devstral2 and Mistral Vibe CLI","https://mistral.ai/news/devstral-2-vibe-cli",742
"Using LLMs at Oxide","https://rfd.shared.oxide.computer/rfd/0576",710
"iPhone Typos? It's Not Just You – The iOS Keyboard Is Broken [video]","https://www.youtube.com/watch?v=hksVvXONrIo",700
"PeerTube is recognized as a digital public good by Digital Public Goods Alliance","https://www.digitalpublicgoods.net/r/peertube",691
"I wasted years of my life in crypto","https://twitter.com/kenchangh/status/1994854381267947640",689
"Auto-grading decade-old Hacker News discussions with hindsight","https://karpathy.bearblog.dev/auto-grade-hn/",677
"Europeans' health data sold to US firm run by ex-Israeli spies","https://www.ftm.eu/articles/europe-health-data-us-firm-israel-spies",653
"4 billion if statements (2023)","https://andreasjhkarlsson.github.io//jekyll/update/2023/12/27/4-billion-if-statements.html",635
"The highest quality codebase","https://gricha.dev/blog/the-highest-quality-codebase",634
"If you're going to vibe code, why not do it in C?","https://stephenramsay.net/posts/vibe-coding.html",628
"Patterns.dev","https://www.patterns.dev/",623
"Sick of smart TVs? Here are your best options","https://arstechnica.com/gadgets/2025/12/the-ars-technica-guide-to-dumb-tvs/",606
"The state of Schleswig-Holstein is consistently relying on open source","https://www.heise.de/en/news/Goodbye-Microsoft-Schleswig-Holstein-relies-on-Open-Source-and-saves-millions-11105459.html",600
"Pebble Index 01 – External memory for your brain","https://repebble.com/blog/meet-pebble-index-01-external-memory-for-your-brain",588
"Google Titans architecture, helping AI have long-term memory","https://research.google/blog/titans-miras-helping-ai-have-long-term-memory/",586
"Kilauea erupts, destroying webcam [video]","https://www.youtube.com/watch?v=TK2N99BDw7A",586
"Horses: AI progress is steady. Human equivalence is sudden","https://andyljones.com/posts/horses.html",579
"OpenAI are quietly adopting skills, now available in ChatGPT and Codex CLI","https://simonwillison.net/2025/Dec/12/openai-skills/",568
"I failed to recreate the 1996 Space Jam website with Claude","https://j0nah.com/i-failed-to-recreate-the-1996-space-jam-website-with-claude/",552
"Israel used Palantir technologies in pager attack in Lebanon","https://the307.substack.com/p/revealed-israel-used-palantir-technologies",542
"macOS 26.2 enables fast AI clusters with RDMA over Thunderbolt","https://developer.apple.com/documentation/macos-release-notes/macos-26_2-release-notes#RDMA-over-Thunderbolt",530
"Tiny Core Linux: a 23 MB Linux distro with graphical desktop","http://www.tinycorelinux.net/",527
"Dollar-stores overcharge customers while promising low prices","https://www.theguardian.com/us-news/2025/dec/03/customers-pay-more-rising-dollar-store-costs",513
"Over fifty new hallucinations in ICLR 2026 submissions","https://gptzero.me/news/iclr-2026/",506
"French supermarket's Christmas advert is worldwide hit (without AI) [video]","https://www.youtube.com/watch?v=Na9VmMNJvsA",492
"Microsoft increases Office 365 and Microsoft 365 license prices","https://office365itpros.com/2025/12/08/microsoft-365-pricing-increase/",477
"Nokia N900 Necromancy","https://yaky.dev/2025-12-11-nokia-n900-necromancy/",474
"In New York City, congestion pricing leads to marked drop in pollution","https://e360.yale.edu/digest/new-york-congestion-pricing-pollution",471
"VPN location claims don't match real traffic exits","https://ipinfo.io/blog/vpn-location-mismatch-report",466
"Screenshots from developers: 2002 vs. 2015 (2015)","https://anders.unix.se/2015/12/10/screenshots-from-developers--2002-vs.-2015/",462
"IBM to acquire Confluent","https://www.confluent.io/blog/ibm-to-acquire-confluent/",449
"GitHub Actions has a package manager, and it might be the worst","https://nesbitt.io/2025/12/06/github-actions-package-manager.html",443
"Ask HN: How can I get better at using AI for programming?","item?id=46255285",442
"Jepsen: NATS 2.12.1","https://jepsen.io/analyses/nats-2.12.1",432
"The past was not that cute","https://juliawise.net/the-past-was-not-that-cute/",431
"Epic celebrates "the end of the Apple Tax" after court win in iOS payments case","https://arstechnica.com/tech-policy/2025/12/epic-celebrates-the-end-of-the-apple-tax-after-appeals-court-win-in-ios-payments-case/",430
"Google de-indexed Bear Blog and I don't know why","https://journal.james-zhan.com/google-de-indexed-my-entire-bear-blog-and-i-dont-know-why/",429
"What is the nicest thing a stranger has ever done for you?","https://louplummer.lol/nice-stranger/",426
"Has the cost of building software dropped 90%?","https://martinalderson.com/posts/has-the-cost-of-software-just-dropped-90-percent/",419
"Rats Play DOOM","https://ratsplaydoom.com/",418
"Programmers and software developers lost the plot on naming their tools","https://larr.net/p/namings.html",418
"Rubio stages font coup: Times New Roman ousts Calibri","https://www.reuters.com/world/us/rubio-stages-font-coup-times-new-roman-ousts-calibri-2025-12-09/",402
"How Google Maps allocates survival across London's restaurants","https://laurenleek.substack.com/p/how-google-maps-quietly-allocates",399
"Perl's decline was cultural","https://www.beatworm.co.uk/blog/computers/perls-decline-was-cultural-not-technical",395
"Rivian Unveils Custom Silicon, R2 Lidar Roadmap, and Universal Hands Free","https://riviantrackr.com/news/rivian-unveils-custom-silicon-r2-lidar-roadmap-universal-hands-free-and-its-next-gen-autonomy-platform/",392
"Django: what’s new in 6.0","https://adamj.eu/tech/2025/12/03/django-whats-new-6.0/",377
"EFF launches Age Verification Hub","https://www.eff.org/press/releases/eff-launches-age-verification-hub-resource-against-misguided-laws",372
"Litestream VFS","https://fly.io/blog/litestream-vfs/",372
"I got an Nvidia GH200 server for €7.5k on Reddit and converted it to a desktop","https://dnhkng.github.io/posts/hopper/",370
"SQLite JSON at full index speed using generated columns","https://www.dbpro.app/blog/sqlite-json-virtual-columns-indexing",366
"Paramount launches hostile bid for Warner Bros","https://www.cnbc.com/2025/12/08/paramount-skydance-hostile-bid-wbd-netflix.html",366
"Apple's slow AI pace becomes a strength as market grows weary of spending","https://finance.yahoo.com/news/apple-slow-ai-pace-becomes-104658095.html",363
"The universal weight subspace hypothesis","https://arxiv.org/abs/2512.05117",358
"Z2 – Lithographically fabricated IC in a garage fab","https://sam.zeloof.xyz/second-ic/",357
"How I block all online ads","https://troubled.engineer/posts/no-ads/",355
"Autism's confusing cousins","https://www.psychiatrymargins.com/p/autisms-confusing-cousins",352
"Strong earthquake hits northern Japan, tsunami warning issued","https://www3.nhk.or.jp/nhkworld/en/news/20251209_02/",349
"The Tor Project is switching to Rust","https://itsfoss.com/news/tor-rust-rewrite-progress/",347
"Denial of service and source code exposure in React Server Components","https://react.dev/blog/2025/12/11/denial-of-service-and-source-code-exposure-in-react-server-components",344
"Useful patterns for building HTML tools","https://simonwillison.net/2025/Dec/10/html-tools/",342
"An SVG is all you need","https://jon.recoil.org/blog/2025/12/an-svg-is-all-you-need.html",341
"I tried Gleam for Advent of Code","https://blog.tymscar.com/posts/gleamaoc2025/",340
"Craft software that makes people feel something","https://rapha.land/craft-software-that-makes-people-feel-something/",340
"GNU Unifont","https://unifoundry.com/unifont/index.html",338
"Id Software devs form "wall-to-wall" union","https://www.rockpapershotgun.com/id-software-devs-form-wall-to-wall-union-with-165-workers-at-doom-studio-the-latest-to-vote-in-favour",335
"Linux Sandboxes and Fil-C","https://fil-c.org/seccomp",334
"Is it a bubble?","https://www.oaktreecapital.com/insights/memo/is-it-a-bubble",333
"DeepSeek uses banned Nvidia chips for AI model, report says","https://finance.yahoo.com/news/china-deepseek-uses-banned-nvidia-131207746.html",329
"Let's put Tailscale on a jailbroken Kindle","https://tailscale.com/blog/tailscale-jailbroken-kindle",329
"The C++ standard for the F-35 Fighter Jet [video]","https://www.youtube.com/watch?v=Gv4sDL9Ljww",328
"Bag of words, have mercy on us","https://www.experimental-history.com/p/bag-of-words-have-mercy-on-us",327
"Hashcards: A plain-text spaced repetition system","https://borretti.me/article/hashcards-plain-text-spaced-repetition",318
"Koralm Railway","https://infrastruktur.oebb.at/en/projects-for-austria/railway-lines/southern-line-vienna-villach/koralm-railway",314
"Qwen3-Omni-Flash-2025-12-01：a next-generation native multimodal large model","https://qwen.ai/blog?id=qwen3-omni-flash-20251201",313
"CRISPR fungus: Protein-packed, sustainable, and tastes like meat","https://www.isaaa.org/kc/cropbiotechupdate/article/default.asp?ID=21607",311
"Super Mario 64 for the PS1","https://github.com/malucard/sm64-psx",300
"Elevated errors across many models","https://status.claude.com/incidents/9g6qpr72ttbr",296
"I fed 24 years of my blog posts to a Markov model","https://susam.net/fed-24-years-of-posts-to-markov-model.html",295
"Recovering Anthony Bourdain's Li.st's","https://sandyuraz.com/blogs/bourdain/",295
"My productivity app is a never-ending .txt file (2020)","https://jeffhuang.com/productivity_text_file/",293
"Hunting for North Korean Fiber Optic Cables","https://nkinternet.com/2025/12/08/hunting-for-north-korean-fiber-optic-cables/",289
"Donating the Model Context Protocol and establishing the Agentic AI Foundation","https://www.anthropic.com/news/donating-the-model-context-protocol-and-establishing-of-the-agentic-ai-foundation",287
"Google removes Sci-Hub domains from U.S. search results due to dated court order","https://torrentfreak.com/google-removes-sci-hub-domains-from-u-s-search-results-due-to-dated-court-order/",285
"The Anatomy of a macOS App","https://eclecticlight.co/2025/12/04/the-anatomy-of-a-macos-app/",281
"AMD GPU Debugger","https://thegeeko.me/blog/amd-gpu-debugging/",278
"Revisiting "Let's Build a Compiler"","https://eli.thegreenplace.net/2025/revisiting-lets-build-a-compiler/",275
"Kroger acknowledges that its bet on robotics went too far","https://www.grocerydive.com/news/kroger-ocado-close-automated-fulfillment-centers-robotics-grocery-ecommerce/805931/",275
"Why Twilio Segment moved from microservices back to a monolith","https://www.twilio.com/en-us/blog/developers/best-practices/goodbye-microservices",271
"Home Depot GitHub token exposed for a year, granted access to internal systems","https://techcrunch.com/2025/12/12/home-depot-exposed-access-to-internal-systems-for-a-year-says-researcher/",271
"Computer animator and Amiga fanatic Dick van Dyke turns 100","item?id=46252993",269
"30 Year Anniversary of WarCraft II: Tides of Darkness","https://www.jorsys.org/archive/december_2025.html#newsitem_2025-12-09T07:42:19Z",269
"The tiniest yet real telescope I've built","https://lucassifoni.info/blog/miniscope-tiny-telescope/",267
"The Walt Disney Company and OpenAI Partner on Sora","https://openai.com/index/disney-sora-agreement/",267
"Ask HN: What Are You Working On? (December 2025)","item?id=46264491",265
"Scala 3 slowed us down?","https://kmaliszewski9.github.io/scala/2025/12/07/scala3-slowdown.html",262
"HTML as an Accessible Format for Papers (2023)","https://info.arxiv.org/about/accessible_HTML.html",262
"Vibe coding is mad depressing","https://law.gmnz.xyz/vibe-coding-is-mad-depressing/",261
"Using e-ink tablet as monitor for Linux","https://alavi.me/blog/e-ink-tablet-as-monitor-linux/",258
"Bad Dye Job","https://daringfireball.net/2025/12/bad_dye_job",257
"Twelve Days of Shell","https://12days.cmdchallenge.com",257
"He set out to walk around the world. After 27 years, his quest is nearly over","https://www.washingtonpost.com/lifestyle/2025/12/05/karl-bushby-walk-around-world/",250
"Show HN: I made a spreadsheet where formulas also update backwards","https://victorpoughon.github.io/bidicalc/",246
"Things I want to say to my boss","https://www.ithoughtaboutthatalot.com/2025/the-things-i-want-to-say-to-my-boss",244
"Going Through Snowden Documents, Part 1","https://libroot.org/posts/going-through-snowden-documents-part-1/",241
"Damn Small Linux","https://www.damnsmalllinux.org/",241
"Framework Raises DDR5 Memory Prices by 50% for DIY Laptops","https://www.phoronix.com/news/Framework-50p-DDR5-Memory",239
"Show HN: Automated license plate reader coverage in the USA","https://alpranalysis.com",239
"So you want to speak at software conferences?","https://dylanbeattie.net/2025/12/08/so-you-want-to-speak-at-software-conferences.html",239
"Show HN: Sim – Apache-2.0 n8n alternative","https://github.com/simstudioai/sim",238
"OMSCS Open Courseware","https://sites.gatech.edu/omscsopencourseware/",237
"AI and the ironies of automation – Part 2","https://www.ufried.com/blog/ironies_of_ai_2/",234
"Go Proposal: Secret Mode","https://antonz.org/accepted/runtime-secret/",233
"Google releases its new Google Sans Flex font as open source","https://www.omgubuntu.co.uk/2025/11/google-sans-flex-font-ubuntu",233
"GraphQL: The enterprise honeymoon is over","https://johnjames.blog/posts/graphql-the-enterprise-honeymoon-is-over",227
"Shai-Hulud compromised a dev machine and raided GitHub org access: a post-mortem","https://trigger.dev/blog/shai-hulud-postmortem",225
"An off-grid, flat-packable washing machine","https://www.positive.news/society/flat-pack-washing-machine-spins-a-fairer-future/",222
"1300 Still Images from the Animated Films of Hayao Miyazaki's Studio Ghibli (2023)","https://www.ghibli.jp/info/013772/",221
"Kaiju – General purpose 3D/2D game engine in Go and Vulkan with built in editor","https://github.com/KaijuEngine/kaiju",221
"Claude CLI deleted my home directory and wiped my Mac","https://old.reddit.com/r/ClaudeAI/comments/1pgxckk/claude_cli_deleted_my_entire_home_directory_wiped/",220
"Kimi K2 1T model runs on 2 512GB M3 Ultras","https://twitter.com/awnihannun/status/1943723599971443134",218
"Days since last GitHub incident","https://github-incidents.pages.dev/",212
"The Cost of a Closure in C","https://thephd.dev/the-cost-of-a-closure-in-c-c2y",210
"Google confirms Android attacks; no fix for most Samsung users","https://www.forbes.com/sites/zakdoffman/2025/12/08/google-confirms-android-attacks-no-fix-for-most-samsung-users/",209
"Cat Gap","https://en.wikipedia.org/wiki/Cat_gap",207
"CM0 – A new Raspberry Pi you can't buy","https://www.jeffgeerling.com/blog/2025/cm0-new-raspberry-pi-you-cant-buy",207
"YouTube's CEO limits his kids' social media use – other tech bosses do the same","https://www.cnbc.com/2025/12/13/youtubes-ceo-is-latest-tech-boss-limiting-his-kids-social-media-use.html",205
"A series of tricks and techniques I learned doing tiny GLSL demos","https://blog.pkh.me/p/48-a-series-of-tricks-and-techniques-i-learned-doing-tiny-glsl-demos.html",203
"Java Hello World, LLVM Edition","https://www.javaadvent.com/2025/12/java-hello-world-llvm-edition.html",202
"Touching the Elephant – TPUs","https://considerthebulldog.com/tte-tpu/",199
"AI should only run as fast as we can catch up","https://higashi.blog/2025/12/07/ai-verification/",198
"Developing a food-safe finish for my wooden spoons","https://alinpanaitiu.com/blog/developing-hardwax-oil/",196
"Incomplete list of mistakes in the design of CSS","https://wiki.csswg.org/ideas/mistakes",196
"Show HN: Tiny VM sandbox in C with apps in Rust, C and Zig","https://github.com/ringtailsoftware/uvm32",191
"A “frozen” dictionary for Python","https://lwn.net/SubscriberLink/1047238/25c270b077849dc0/",191
"LG TV's new software update installed MS Copilot, which cannot be deleted","https://old.reddit.com/r/mildlyinfuriating/comments/1plldqo/my_lg_tvs_new_software_update_installed_microsoft/",191
"2002: Last.fm and Audioscrobbler Herald the Social Web","https://cybercultural.com/p/lastfm-audioscrobbler-2002/",190
"VCMI: An open-source engine for Heroes III","https://vcmi.eu/",190
"Flow: Actor-based language for C++, used by FoundationDB","https://github.com/apple/foundationdb/tree/main/flow",189
"Ensuring a National Policy Framework for Artificial Intelligence","https://www.whitehouse.gov/presidential-actions/2025/12/eliminating-state-law-obstruction-of-national-artificial-intelligence-policy/",185
"The Joy of Playing Grandia, on Sega Saturn","https://www.segasaturnshiro.com/2025/11/27/the-joy-of-playing-grandia-on-sega-saturn/",184
"Want to sway an election? Here’s how much fake online accounts cost","https://www.science.org/content/article/want-sway-election-here-s-how-much-fake-online-accounts-cost",183
"Photographer built a medium-format rangefinder","https://petapixel.com/2025/12/06/this-photographer-built-an-awesome-medium-format-rangefinder-and-so-can-you/",182
"String theory inspires a brilliant, baffling new math proof","https://www.quantamagazine.org/string-theory-inspires-a-brilliant-baffling-new-math-proof-20251212/",180
"Benn Jordan’s flock camera jammer will send you to jail in Florida now [video]","https://www.youtube.com/watch?v=qEllWdK4l_A",179
"Show HN: AlgoDrill – Interactive drills to stop forgetting LeetCode patterns","https://algodrill.io",178
"Japan law opening phone app stores to go into effect","https://www3.nhk.or.jp/nhkworld/en/news/20251210_B1/",176
"Show HN: I built a system for active note-taking in regular meetings like 1-1s","https://withdocket.com",176
"A supersonic engine core makes the perfect power turbine","https://boomsupersonic.com/flyby/ai-needs-more-power-than-the-grid-can-deliver-supersonic-tech-can-fix-that",176
"Guarding My Git Forge Against AI Scrapers","https://vulpinecitrus.info/blog/guarding-git-forge-ai-scrapers/",175
"No more O'Reilly subscriptions for me","https://zerokspot.com/weblog/2025/12/05/no-more-oreilly-subscriptions-for-me/",175
"Stop Breaking TLS","https://www.markround.com/blog/2025/12/09/stop-breaking-tls/",174
"Trials avoid high risk patients and underestimate drug harms","https://www.nber.org/papers/w34534",174
"Microsoft Copilot AI Comes to LG TVs, and Can't Be Deleted","https://www.techpowerup.com/344075/microsoft-copilot-ai-comes-to-lg-tvs-and-cant-be-deleted",167
"Adafruit: Arduino’s Rules Are ‘Incompatible With Open Source’","https://thenewstack.io/adafruit-arduinos-rules-are-incompatible-with-open-source/",166
"Are we stuck with the same Desktop UX forever? [video]","https://www.youtube.com/watch?v=1fZTOjd_bOQ",166
"JSDoc is TypeScript","https://culi.bearblog.dev/jsdoc-is-typescript/",164
"Using Python for Scripting","https://hypirion.com/musings/use-python-for-scripting",159
"My favourite small hash table","https://www.corsix.org/content/my-favourite-small-hash-table",159
"Some surprising things about DuckDuckGo","https://gabrielweinberg.com/p/some-surprising-things-about-duckduckgo",157
"Berlin Approves New Expansion of Police Surveillance Powers","https://reclaimthenet.org/berlin-approves-new-expansion-of-police-surveillance-powers",157
"CATL expects oceanic electric ships in three years","https://cleantechnica.com/2025/12/05/catl-expects-oceanic-electric-ships-in-3-years/",156
"Freeing a Xiaomi humidifier from the cloud","https://0l.de/blog/2025/11/xiaomi-humidifier/",155
"Researchers seeking better measures of cognitive fatigue","https://www.nature.com/articles/d41586-025-03974-w",154
"Terrain Diffusion: A Diffusion-Based Successor to Perlin Noise","https://arxiv.org/abs/2512.08309",154
"Go is portable, until it isn't","https://simpleobservability.com/blog/go-portable-until-isnt",153
"Beautiful Abelian Sandpiles","https://eavan.blog/posts/beautiful-sandpiles.html",152
"Nested Learning: A new ML paradigm for continual learning","https://research.google/blog/introducing-nested-learning-a-new-ml-paradigm-for-continual-learning/",152
"How the Brain Parses Language","https://www.quantamagazine.org/the-polyglot-neuroscientist-resolving-how-the-brain-parses-language-20251205/",151
"Apple Maps claims it's 29,905 miles away","https://mathstodon.xyz/@dpiponi/115651419771418748",150
"iOS 26.2 fixes 20 security vulnerabilities, 2 actively exploited","https://www.macrumors.com/2025/12/12/ios-26-2-security-vulnerabilities/",149
"The Gorman Paradox: Where Are All the AI-Generated Apps?","https://codemanship.wordpress.com/2025/12/14/the-gorman-paradox-where-are-all-the-ai-generated-apps/",148
"In the Beginning was the Command Line (1999)","https://web.stanford.edu/class/cs81n/command.txt",146
"The true story of the Windows 3.1 'Hot Dog Stand' color scheme","https://www.pcgamer.com/software/windows/windows-3-1-included-a-red-and-yellow-hot-dog-stand-color-scheme-so-garish-it-was-long-assumed-to-be-a-joke-so-i-tracked-down-the-original-designer-to-get-the-true-story/",146
"Bye, Mom","https://aella.substack.com/p/bye-mom",145
"Rio de Janeiro's talipot palm trees bloom for the first and only time","https://apnews.com/article/brazil-rio-talipot-palm-flamengo-park-dcfb1ce237af7a10ab72205fc9bbdc02",143
"Python Workers redux: fast cold starts, packages, and a uv-first workflow","https://blog.cloudflare.com/python-workers-advancements/",142
"Microservices should form a polytree","https://bytesauna.com/post/microservices",141
"The stack circuitry of the Intel 8087 floating point chip, reverse-engineered","https://www.righto.com/2025/12/8087-stack-circuitry.html",141
"GNU recutils: Plain text database","https://www.gnu.org/software/recutils/",139
"Getting into public speaking","https://james.brooks.page/blog/getting-into-public-speaking",138
"50 years of proof assistants","https://lawrencecpaulson.github.io//2025/12/05/History_of_Proof_Assistants.html",138
"Doxers posing as cops are tricking big tech firms into sharing people's data","https://www.wired.com/story/doxers-posing-as-cops-are-tricking-big-tech-firms-into-sharing-peoples-private-data/",138
"Price of a bot army revealed across online platforms","https://www.cam.ac.uk/stories/price-bot-army-global-index",137
"Analysis finds anytime electricity from solar available as battery costs plummet","https://pv-magazine-usa.com/2025/12/12/analysis-finds-anytime-electricity-from-solar-available-as-battery-costs-plummet/",137
"The future of Terraform CDK","https://github.com/hashicorp/terraform-cdk",136
"Why the Sanitizer API is just `setHTML()`","https://frederikbraun.de/why-sethtml.html",136
"Saving Japan's exceptionally rare 'snow monsters'","https://www.bbc.com/future/article/20251203-japans-disappearing-snow-monsters",136
"Factor 0.101 now available","https://re.factorcode.org/2025/12/factor-0-101-now-available.html",134
"From text to token: How tokenization pipelines work","https://www.paradedb.com/blog/when-tokenization-becomes-token",133
"How exchanges turn order books into distributed logs","https://quant.engineering/exchange-order-book-distributed-logs.html",133
"United States Antarctic Program Field Manual (2024) [pdf]","https://www.usap.gov/usapgov/travelAndDeployment/documents/Continental-Field-Manual-2024.pdf",133
"Quanta to publish popular math and physics books by Terence Tao and David Tong","https://www.simonsfoundation.org/2025/12/08/quanta-books-to-publish-popular-math-and-physics-titles-by-terence-tao-and-david-tong/",133
"If a Meta AI model can read a brain-wide signal, why wouldn't the brain?","https://1393.xyz/writing/if-a-meta-ai-model-can-read-a-brain-wide-signal-why-wouldnt-the-brain",132
"“You should never build a CMS”","https://www.sanity.io/blog/you-should-never-build-a-cms",132
"Launch HN: Nia (YC S25) – Give better context to coding agents","https://www.trynia.ai/",131
"We built another object storage","https://fractalbits.com/blog/why-we-built-another-object-storage/",131
"Apple Services Experiencing Outage","https://www.apple.com/support/systemstatus/",131
"Using secondary school maths to demystify AI","https://www.raspberrypi.org/blog/secondary-school-maths-showing-that-ai-systems-dont-think/",130
"The Rise of Computer Games, Part I: Adventure","https://technicshistory.com/2025/12/13/the-rise-of-computer-games-part-i-adventure/",129
"Agentic AI Foundation","https://block.xyz/inside/block-anthropic-and-openai-launch-the-agentic-ai-foundation",129
"Cryptids","https://wiki.bbchallenge.org/wiki/Cryptids",127
"Async DNS","https://flak.tedunangst.com/post/async-dns",127
"Nuclear energy key to decarbonising Europe, says EESC","https://www.eesc.europa.eu/en/news-media/news/nuclear-energy-key-decarbonising-europe-says-eesc",127
"GitHub no longer uses Toasts","https://primer.style/accessibility/toasts/",127
"From Azure Functions to FreeBSD","https://jmmv.dev/2025/12/from-azure-functions-to-freebsd.html",126
"The architecture of “not bad”: Decoding the Chinese source code of the void","https://suggger.substack.com/p/the-architecture-of-not-bad-decoding",126
"Germany votes to bring in voluntary military service programme for 18-year-olds","https://www.bbc.com/news/articles/ckg9drg8pg1o",126
"Compiler Engineering in Practice","https://chisophugis.github.io/2025/12/08/compiler-engineering-in-practice-part-1-what-is-a-compiler.html",123
"Fedora: Open-source repository for long-term digital preservation","https://fedorarepository.org/",120
"McDonald's pulls AI Christmas ad after backlash","https://www.bbc.co.uk/news/articles/czdgrnvp082o",120
"Nova Programming Language","https://nova-lang.net",118
"Rahm Emanuel says U.S. should follow Australia's youth social media ban","https://www.politico.com/news/2025/12/09/rahm-emanuel-says-u-s-should-follow-australias-youth-social-media-ban-00682185",117
"Catala – Law to Code","https://catala-lang.org",117
"We collected 10k hours of neuro-language data in our basement","https://condu.it/thought/10k-hours",117
"AI agents are starting to eat SaaS","https://martinalderson.com/posts/ai-agents-are-starting-to-eat-saas/",116
"Stop crawling my HTML – use the API","https://shkspr.mobi/blog/2025/12/stop-crawling-my-html-you-dickheads-use-the-api/",114
"Manual: Spaces","https://type.today/en/journal/spaces",114
"Roomba maker goes bankrupt, Chinese owner emerges","https://news.bloomberglaw.com/bankruptcy-law/robot-vacuum-roomba-maker-files-for-bankruptcy-after-35-years",113
"Baumol's Cost Disease","https://en.wikipedia.org/wiki/Baumol_effect",113
"Pg_ClickHouse: A Postgres extension for querying ClickHouse","https://clickhouse.com/blog/introducing-pg_clickhouse",113
"Heavy metal is healing teens on the Blackfeet Nation","https://www.hcn.org/issues/57-11/heavy-metal-is-healing-teens-on-the-blackfeet-nation/",113
"New benchmark shows top LLMs struggle in real mental health care","https://swordhealth.com/newsroom/sword-introduces-mindeval",113
"Formula One Handovers and Handovers From Surgery to Intensive Care (2008) [pdf]","https://gwern.net/doc/technology/2008-sower.pdf",112
"Common Lisp, ASDF, and Quicklisp: packaging explained","https://cdegroot.com/programming/commonlisp/2025/11/26/cl-ql-asdf.html",112
"RoboCrop: Teaching robots how to pick tomatoes","https://phys.org/news/2025-12-robocrop-robots-tomatoes.html",112
"Zebra-Llama – Towards efficient hybrid models","https://arxiv.org/abs/2505.17272",112
"Iced 0.14 has been released (Rust GUI library)","https://github.com/iced-rs/iced/releases/tag/0.14.0",112
"The Typeframe PX-88 Portable Computing System","https://www.typeframe.net/",111
"Stoolap: High-performance embedded SQL database in pure Rust","https://github.com/stoolap/stoolap",111
"Show HN: Local Privacy Firewall-blocks PII and secrets before ChatGPT sees them","https://github.com/privacyshield-ai/privacy-firewall",111
"Mystery Science Theater 3000: The Definitive Oral History of a TV Masterpiece","https://www.wired.com/2014/04/mst3k-oral-history/",109
"When would you ever want bubblesort? (2023)","https://buttondown.com/hillelwayne/archive/when-would-you-ever-want-bubblesort/",108
"Alignment is capability","https://www.off-policy.com/alignment-is-capability/",107
"JetBrains cancels Fleet","https://blog.jetbrains.com/fleet/2025/12/the-future-of-fleet/",106
"We Need to Die","https://willllliam.com/blog/why-we-need-to-die/",105
"Show HN: Lockenv – Simple encrypted secrets storage for Git","https://github.com/illarion/lockenv",105
"Read Something Wonderful","https://readsomethingwonderful.com/",103
"A Lisp Interpreter Implemented in Conway's Game of Life (2021)","https://woodrush.github.io/blog/posts/2022-01-12-lisp-in-life.html",103
"Linux CVEs, more than you ever wanted to know","http://www.kroah.com/log/blog/2025/12/08/linux-cves-more-than-you-ever-wanted-to-know/",103
"COM Like a Bomb: Rust Outlook Add-in","https://tritium.legal/blog/outlook",100
"Where are you supposed to go if you don't care about growth?","https://ramones.dev/posts/where-are-you-supposed-to-go/",100
"SoundCloud just banned VPN access","https://old.reddit.com/r/SoundCloudMusic/comments/1pltd19/soundcloud_just_banned_vpn_access/",99
"Java FFM zero-copy transport using io_uring","https://www.mvp.express/",99
"Cloudflare error page generator","https://github.com/donlon/cloudflare-error-page",98
"Smartphone without a battery (2022)","https://yaky.dev/2022-09-06-smartphone-without-battery/",95
"Closures as Win32 Window Procedures","https://nullprogram.com/blog/2025/12/12/",94
"Rust Coreutils 0.5.0 Release: 87.75% compatibility with GNU Coreutils","https://github.com/uutils/coreutils/releases/tag/0.5.0",94
"30 Years of <Br> Tags","https://www.artmann.co/articles/30-years-of-br-tags",93
"Octo: A Chip8 IDE","https://github.com/JohnEarnest/Octo",92
"The Lost Machine Automats and Self-Service Cafeterias of NYC (2023)","https://www.untappedcities.com/automats-cafeterias-nyc/",92
"Indexing 100M vectors in 20 minutes on PostgreSQL with 12GB RAM","https://blog.vectorchord.ai/how-we-made-100m-vector-indexing-in-20-minutes-possible-on-postgresql",91
"Security issues with electronic invoices","https://invoice.secvuln.info/",89
"An Orbital House of Cards: Frequent Megaconstellation Close Conjunctions","https://arxiv.org/abs/2512.09643",89
"Kids Rarely Read Whole Books Anymore. Even in English Class","https://www.nytimes.com/2025/12/12/us/high-school-english-teachers-assigning-books.html",88
"Capsudo: Rethinking sudo with object capabilities","https://ariadne.space/2025/12/12/rethinking-sudo-with-object-capabilities.html",88
"Laying out the 404 Media zine","https://tedium.co/2025/12/10/404-media-zine-linux-affinity/?",88
"Good conversations have lots of doorknobs (2022)","https://www.experimental-history.com/p/good-conversations-have-lots-of-doorknobs",88
"Qt, Linux and everything: Debugging Qt WebAssembly","http://qtandeverything.blogspot.com/2025/12/debugging-qt-webassembly-dwarf.html",87
"Socialist ends by market means: A history","https://lucasvance.github.io/2100/history/",87
"The Checkerboard","https://99percentinvisible.org/episode/650-the-checkerboard/",86
"Einstein: NewtonOS running on other operating systems","https://github.com/pguyot/Einstein",86
"Senator endorses discredited book that claims chemical treats autism, cancer","https://www.propublica.org/article/ron-johnson-wisconsin-chlorine-dioxide-pierre-kory-endorsement",86
"Bit flips: How cosmic rays grounded a fleet of aircraft","https://www.bbc.com/future/article/20251201-how-cosmic-rays-grounded-thousands-of-aircraft",85
"Workday project at Washington University hits $266M","https://www.theregister.com/2025/12/12/washington_university_workday_costs_revealed/",85
"An Implementation of J (1992)","https://www.jsoftware.com/ioj/ioj.htm",84
"Poor Johnny still won't encrypt","https://bfswa.substack.com/p/poor-johnny-still-wont-encrypt",84
"A 'toaster with a lens': The story behind the first handheld digital camera","https://www.bbc.com/future/article/20251205-how-the-handheld-digital-camera-was-born",84
"Arborium: Tree-sitter code highlighting with Native and WASM targets","https://arborium.bearcove.eu/",83
"Vacuum Is a Lie: About Your Indexes","https://boringsql.com/posts/vacuum-is-lie/",83
"Show HN: A 2-row, 16-key keyboard designed for smartphones","https://k-keyboard.com/Why-QWERTY-mini",83
"Why isn't online age verification just like showing your ID in person?","https://www.eff.org/deeplinks/2025/12/why-isnt-online-age-verification-just-showing-your-id-person",83
"If AI replaces workers, should it also pay taxes?","https://english.elpais.com/technology/2025-11-30/if-ai-replaces-workers-should-it-also-pay-taxes.html",82
"My Gift to the Rustdoc Team","https://fasterthanli.me/articles/my-gift-to-the-rust-docs-team",82
"Obscuring P2P Nodes with Dandelion","https://www.johndcook.com/blog/2025/12/08/dandelion/",82
"New Kindle feature uses AI to answer questions about books","https://reactormag.com/new-kindle-feature-ai-answer-questions-books-authors/",82
"Show HN: Tripwire: A new anti evil maid defense","https://github.com/fr33-sh/Tripwire",81
"Lean theorem prover mathlib","https://github.com/leanprover-community/mathlib4",80
"Will West Coast Jazz Get Some Respect?","https://www.honest-broker.com/p/will-west-coast-jazz-finally-get",80
"Oliver Sacks put himself into his case studies. What was the cost?","https://www.newyorker.com/magazine/2025/12/15/oliver-sacks-put-himself-into-his-case-studies-what-was-the-cost",79
"Applets are officially gone, but Java in the browser is better","https://frequal.com/java/AppletsGoneButJavaInTheBrowserBetterThanEver.html",79
"Why Startups Die","https://www.techfounderstack.com/p/why-startups-die",79
"Brent's Encapsulated C Programming Rules (2020)","https://retroscience.net/brents-c-programming-rules.html",78
"CapROS: Capability-Based Reliable Operating System","https://www.capros.org/",77
"Free Software Awards Winners Announced: Andy Wingo, Alx Sa, Govdirectory","https://www.fsf.org/news/2024-free-software-awards-winners",77
"Willison on Merchant's "Copywriters reveal how AI has decimated their industry"","https://simonwillison.net/2025/Dec/14/copywriters-reveal-how-ai-has-decimated-their-industry/",77
"Show HN: DuckDB for Kafka Stream Processing","https://sql-flow.com/docs/tutorials/intro/",77
"Launch HN: BrowserBook (YC F24) – IDE for deterministic browser automation","item?id=46232434",76
"Qualcomm acquires RISC-V focused Ventana Micro Systems","https://www.qualcomm.com/news/releases/2025/12/qualcomm-acquires-ventana-micro-systems--deepening-risc-v-cpu-ex",75
"Dagger: Define software delivery workflows and dev environments","https://dagger.io/",74
"The Whole App is a Blob","https://drobinin.com/posts/the-whole-app-is-a-blob/",72
"Advent of Swift","https://leahneukirchen.org/blog/archive/2025/12/advent-of-swift.html",72
"Millions of Americans mess up their taxes, but a new law will help","https://www.wakeuptopolitics.com/p/millions-of-americans-mess-up-their",72
"Slax: Live Pocket Linux","https://www.slax.org/",70
"Building small Docker images faster","https://sgt.hootr.club/blog/docker-protips/",70
"Show HN: Wirebrowser – A JavaScript debugger with breakpoint-driven heap search","https://github.com/fcavallarin/wirebrowser",70
"Why proteins fold and how GPUs help us fold","https://aval.bearblog.dev/nvidiaproteins/",69
"So What Should We Call This – A Grue Jay?","https://cns.utexas.edu/news/research/so-what-should-we-call-grue-jay",69
"RemoveWindowsAI","https://github.com/zoicware/RemoveWindowsAI",69
"Deprecate like you mean it","https://entropicthoughts.com/deprecate-like-you-mean-it",69
"Cadmium Zinc Telluride: The wonder material powering a medical 'revolution'","https://www.bbc.com/news/articles/c24l223d9n7o",68
"Training LLMs for honesty via confessions","https://arxiv.org/abs/2512.08093",67
"Golang optimizations for high‑volume services","https://packagemain.tech/p/golang-optimizations-for-highvolume",67
"Show HN: Detail, a Bug Finder","https://detail.dev/",66
"Purdue University approves new AI requirement for all undergrads","https://www.forbes.com/sites/michaeltnietzel/2025/12/13/purdue-university-approves-new-ai-requirement-for-all-undergrads/",64
"Dependable C","https://dependablec.org/",64
"ZX Spectrum Next on the Internet: Xberry Pi ESP01 and Pi Zero Upgrades","https://retrogamecoders.com/zx-spectrum-next-on-the-internet-xberry-pi-esp01-and-pi-zero-upgrades/",63
"Dhtml Lemmings (2004)","https://www.elizium.nu/scripts/lemmings/index.php",62
"Awesome-Jj: Jujutsu Things","https://github.com/Necior/awesome-jj",62
"Pope criticizes US bid to 'break apart' US-Europe alliance","https://apnews.com/article/vatican-russia-ukraine-trump-pope-leo-60c898afe3241ff67552f417a06900b0",62
"Deprecations via warnings don't work for Python libraries","https://sethmlarson.dev/deprecations-via-warnings-dont-work-for-python-libraries",62
"John Varley has died","http://floggingbabel.blogspot.com/2025/12/john-varley-1947-2025.html",61
"Illuminating the processor core with LLVM-mca","https://abseil.io/fast/99",61
"BpfJailer: eBPF Mandatory Access Control [pdf]","https://lpc.events/event/19/contributions/2159/attachments/1833/3929/BpfJailer%20LPC%202025.pdf",61
"Show HN: Cargo-rail: graph-aware monorepo tooling for Rust; 11 deps","https://github.com/loadingalias/cargo-rail",60
"Pdsink: USB Power Delivery Sink library for embedded devices","https://github.com/pdsink/pdsink",60
"Pop Goes the Population Count?","https://xania.org/202512/11-pop-goes-the-weasel-er-count",60
"Intermittent hypoxia increases blood flow and benefits executive function","https://onlinelibrary.wiley.com/doi/10.1111/psyp.70161",60
"Wine 11.0 RC2 – Run Windows Applications on Linux, BSD, Solaris and macOS","https://gitlab.winehq.org/wine/wine/-/releases/wine-11.0-rc2",60
"Are the Three Musketeers allergic to muskets? (2014)","https://www.ox.ac.uk/news/arts-blog/are-three-musketeers-allergic-muskets",60
"How the Disappearance of Flight 19 Fueled the Legend of the Bermuda Triangle","https://www.smithsonianmag.com/history/how-the-disappearance-of-flight-19-a-navy-squadron-lost-in-1945-fueled-the-legend-of-the-bermuda-triangle-180987759/",60
"The Coming Need for Formal Specification","https://benjamincongdon.me/blog/2025/12/12/The-Coming-Need-for-Formal-Specification/",59
"Therapeutic use of cannabis and cannabinoids: A review","https://jamanetwork.com/journals/jama/fullarticle/2842072?guestAccessKey=a368e622-e374-4a0c-8d3b-22a976500305",59
"Unscii","http://viznut.fi/unscii/",58
"An attempt to articulate Forth's practical strengths and eternal usefulness","https://im-just-lee.ing/forth-why-cb234c03.txt",58
"Launch HN: InspectMind (YC W24) – AI agent for reviewing construction drawings","item?id=46219386",58
"Building an efficient hash table in Java","https://bluuewhale.github.io/posts/building-a-fast-and-memory-efficient-hash-table-in-java-by-borrowing-the-best-ideas/",58
"Running on Empty: Copper","https://thehonestsorcerer.substack.com/p/running-on-empty-copper",57
"Denmark sees US as potential security concern","https://www.cnn.com/2025/12/10/europe/denmark-intelligence-report-intl",57
"Powder and stone, or, why medieval rulers loved castles","https://1517.substack.com/p/powder-and-stone-or-why-medieval",57
"Australian teens lose access to social media as ban takes effect","https://www.bbc.com/news/live/cwy54q80gy9t",57
"Oliver Sacks Put Himself into His Case Studies. What Was the Cost?","https://www.newyorker.com/magazine/2025/12/15/oliver-sacks-put-himself-into-his-case-studies-what-was-the-cost",57
"Doctors' estimates of the feasibility of preserving the dying for future revival","https://www.medrxiv.org/content/10.64898/2025.12.03.25341583v1",56
"History of Declarative Programming (2021)","https://shenlanguage.org/TBoS/tbos_15.html",55
"Efficient Basic Coding for the ZX Spectrum (2020)","https://blog.jafma.net/2020/02/24/efficient-basic-coding-for-the-zx-spectrum/",55
"Interview with Kent Overstreet (Bcachefs) [audio]","https://linuxunplugged.com/644",55
"Rob Reiner has died","https://www.hollywoodreporter.com/movies/movie-news/rob-reiner-dead-harry-met-sally-princess-bride-all-in-family-1236450387/",54
"Launch HN: Mentat (YC F24) – Controlling LLMs with Runtime Intervention","item?id=46207017",54
"Windows 3.1 in the Browser","https://www.pcjs.org/software/pcx86/sys/windows/3.10/",53
"OpenEvolve: Teaching LLMs to Discover Algorithms Through Evolution","https://algorithmicsuperintelligence.ai/blog/openevolve-overview/index.html",53
"A giant ball will help this man survive a year on an iceberg","https://www.outsideonline.com/outdoor-adventure/exploration-survival/how-giant-ball-will-help-man-survive-year-iceberg/",53
"How well do you know C++ auto type deduction?","https://www.volatileint.dev/posts/auto-type-deduction-gauntlet/",51
"England Historic Aerial Photo Explorer","https://historicengland.org.uk/images-books/archive/collections/aerial-photos/",51
"Colors of Growth","https://papers.ssrn.com/sol3/papers.cfm?abstract_id=5804462",51
"Mom and daughter find stranger in trunk of Waymo","https://abc7.com/post/los-angeles-viral-video-mom-daughter-find-stranger-trunk-waymo-macarthur-park/18286019/",50
"Do dyslexia fonts work? (2022)","https://www.edutopia.org/article/do-dyslexia-fonts-actually-work/",49
"Standalone Meshtastic Command Center – One HTML File Offline","https://github.com/Jordan-Townsend/Standalone",49
"Z8086: Rebuilding the 8086 from Original Microcode","https://nand2mario.github.io/posts/2025/z8086/",49
"Show HN: I'm building an open-source Amazon","https://openship.org",49
"Think Tanker Altered Ukraine War Map Before Big Polymarket Payout","https://responsiblestatecraft.org/isw-polymarket-ukraine-war-map/",49
"Generative Optogenetics","https://www.darpa.mil/research/programs/go",47
"Instacart reaches into your pocket and lops a third off your dollars","https://pluralistic.net/2025/12/11/nothing-personal/",47
"Show HN: Gotui – a modern Go terminal dashboard library","https://github.com/metaspartan/gotui",46
"Super-Emitter of the Most Damaging Greenhouse Gas Found in Germany","https://industrydecarbonization.com/news/super-emitter-of-the-most-damaging-greenhouse-gas-found-in-germany.html",46
"Show HN: Epstein's emails reconstructed in a message-style UI (OCR and LLMs)","https://github.com/Toon-nooT/epsteins-phone-reconstructed",45
"US TikTok investors in limbo as deal set to be delayed again","https://www.bbc.com/news/articles/cp34442z25ko",44
"What folk can do","https://folk.computer/guides/what-folk-can-do",44
"The choice between Rust and C-derived languages is not only about memory safety","https://bbuyukliev.blogspot.com/2025/12/the-choice-between-rust-and-c-derived.html",43
"llamafile: Distribute and Run LLMs with a Single File","https://github.com/mozilla-ai/llamafile",42
"More atmospheric rivers coming for flooded Washington and the West Coast","https://www.cnn.com/2025/12/12/weather/washington-west-coast-flooding-atmospheric-rivers-climate",41
"Dynamic Pong Wars","https://markodenic.tech/dynamic-pong-wars/",41
"Create a Markdown Editor in Ruby on Rails","https://blog.appsignal.com/2025/12/10/create-a-markdown-editor-in-ruby-on-rails.html",40
"Kicking Robots","https://harpers.org/archive/2025/12/kicking-robots-james-vincent-humanoids/",40
"Using Git add -p for fun (and profit)","https://techne98.com/blog/using-git-add-p/",40
"The Problem of Teaching Physics in Latin America (1963)","https://calteches.library.caltech.edu/46/2/LatinAmerica.htm",39
"TigerBeetle as a File Storage","https://aivarsk.com/2025/12/07/tigerbeetle-blob-storage/",39
"Spirograph style Lego drawing machine","https://jkbrickworks.com/simple-drawing-machine/",39
"Building a Modern C64 Assembly AI Toolchain","https://medium.com/@gianlucabailo/building-a-modern-c64-assembly-ai-toolchain-using-google-gemini-3-1a36464c9458",38
"Open sourcing the Remix Store","https://remix.run/blog/oss-remix-store",38
"Science Communications on YouTube","https://blogs.memphis.edu/awindsor/2025/02/25/science-communication-on-youtube/",38
"SPhotonix – 360TB into 5-inch glass disc with femtosecond laser","https://www.tomshardware.com/pc-components/storage/sphotonix-pushes-5d-glass-storage-toward-data-center-pilots",37
"No-Tifier (2017)","https://subject.space/projects/no-tifier/",37
"Gild Just One Lily","https://www.smashingmagazine.com/2025/04/gild-just-one-lily/",37
"Fast Median Filter over arbitrary datatypes","https://martianlantern.github.io/2025/09/median-filter-over-arbitrary-datatypes/",37
"Defrag.exfat Is Inefficient and Dangerous","https://github.com/exfatprogs/exfatprogs/issues/318",37
"What is a build system, anyway?","https://jyn.dev/what-is-a-build-system-anyway/",37
"Sen. WHITEHOUSE: We are moving to file a bipartisan Section 230 repeal","https://bsky.app/profile/judiciarydems.senate.gov/post/3m7sjbvhbms2z",37
"The Boot Order of the Raspberry Pi Is Unusual","https://patrickmccanna.net/the-raspberry-pi-boot-order-is-unusual/",36
"Show HN: MCPShark – Traffic Inspector for Model Context Protocol","item?id=46220577",36
"Checkers Arcade","https://blog.fogus.me/games/checkers-arcade.html",35
"Our emotional pain became a product","https://www.theguardian.com/us-news/ng-interactive/2025/dec/14/trauma-mental-health",35
"C64 Maze Chomp.BAS","https://basic-code.bearblog.dev/c64-maze-chompbas/",35
"Show HN: Autofix Bot – Hybrid static analysis and AI code review agent","item?id=46237358",35
"AI coding is sexy, but accounting is the real low-hanging automation target","item?id=46238354",35
"OpenRouter Broadcast","https://openrouter.ai/docs/guides/features/broadcast/overview",35
"How Did the CIA Lose a Nuclear Device in the Himalayas?","https://www.nytimes.com/interactive/2025/12/13/world/asia/cia-nuclear-device-himalayas-nanda-devi.html",34
"Skin-roasted peanut consumption improves brain vascular function and memory","https://www.clinicalnutritionjournal.com/article/S0261-5614(25)00292-4/fulltext",34
"I think I might be done for a while","https://varunraghu.com/i-think-i-might-be-done-for-a-while/",34
"The Z3 Theorem Prover","https://github.com/Z3Prover/z3",34
"Congress Kills Military "Right to Repair"","https://theintercept.com/2025/12/09/congress-military-ndaa-right-to-repair/",34
"Data Infrastructure for All: Free Kafka and $5 PostgreSQL","https://aiven.io/blog/data-infrastructure-for-all",33
"Nintendo Switch 2 RAM prices rise 41%, NAND flash up 8% – shares nosedive","https://www.tomshardware.com/video-games/nintendo/nintendo-switch-2-ram-prices-rise-41-percent-nand-flash-up-8-percent-console-giant-shares-nosedive-in-face-of-increased-cost-warnings",33
"Show HN: LinkedQL – Live Queries over Postgres, MySQL, MariaDB","https://github.com/linked-db/linked-ql",30
"Live Nation, Ticketmaster must face sprawling class action over prices","https://www.reuters.com/sustainability/boards-policy-regulation/live-nation-ticketmaster-must-face-sprawling-class-action-over-prices-2025-12-12/",30
"The moment the earliest known man-made fire was uncovered","https://www.bbc.co.uk/news/resources/idt-b9da7a6d-165b-492a-8785-235cd10e2e8e",30
"Pizlix: Memory Safe Linux from Scratch","https://fil-c.org/pizlix",29
"Long Covid involves activation of proinflammatory and immune exhaustion pathways","https://www.nature.com/articles/s41590-025-02353-x",29
"Battery storage hits $65/MWh, a tipping point for solar","https://electrek.co/2025/12/12/battery-storage-hits-65-mwh-tipping-point-solar/",29
"Utah Leaders Are Hindering Efforts to Develop Solar Despite Energy Supply Goal","https://www.propublica.org/article/utah-solar-energy-operation-gigawatt-spencer-cox",29
"Show HN: Jottings; Anti-social microblog for your thoughts","https://jottings.me/",28
"What Happens When an "Infinite-Money Machine" Unravels","https://www.newyorker.com/news/the-financial-page/what-happens-when-an-infinite-money-machine-unravels",28
"UK Lords propose ban on VPNs for children","https://www.techradar.com/vpn/vpn-privacy-security/uk-lords-propose-ban-on-vpns-for-children",28
"Samsung to halt SATA SSD production, leaker warns","https://www.notebookcheck.net/Samsung-to-halt-SATA-SSD-production-leaker-warns-of-up-to-18-months-of-SSD-price-pressure-worse-than-Micron-ending-consumer-RAM.1184896.0.html",27
"You gotta push if you wanna pull","https://www.morling.dev/blog/you-gotta-push-if-you-wanna-pull/",27
"Multiple Indicted on Charges of Theft and Re-Sale of Restaurant Cooking Oil","https://www.justice.gov/usao-sdia/pr/multiple-chinese-nationals-indicted-charges-related-theft-and-re-sale-restaurant",27
"Ask HN: Is starting a personal blog still worth it in the age of AI?","item?id=46268055",27
"Younger Futhorc (ᛡᛟᛝᛖᚱ᛬ᚠᚢᚦᚩᚱᚳ)","https://www.omniglot.com/conscripts/youngerfuthorc.htm",26
"GenTabs","https://labs.google/disco/",26
"Gut microbial imbalance can impact memory, says study","https://www.newindianexpress.com/states/kerala/2025/Dec/12/gut-microbial-imbalance-can-impact-memory-says-study",26
"Huge undersea wall dating from 5000 BC found in France","https://www.bbc.com/news/articles/crk7lg1j146o",26
"Kernel Float: Unlocking Mixed-Precision GPU Programming","https://dl.acm.org/doi/pdf/10.1145/3779120",26
"Show HN: An endless scrolling word search game","https://endless-wordsearch.com",25
"New Rule Forbids Gnome Shell Extensions Made Using AI Generated Code","https://www.phoronix.com/news/GNOME-Extensions-Block-AI",24
"Notes on Gamma","https://poniesandlight.co.uk/reflect/gamma/",24
"Show HN: GPULlama3.java Llama Compilied to PTX/OpenCL Now Integrated in Quarkus","item?id=46233009",24
"A 'Tatooine' Planet Directly Imaged","https://www.centauri-dreams.org/2025/12/11/a-tatooine-planet-directly-imaged/",24
"From sci-fi to reality: Researchers realise quantum teleportation using tech","https://cordis.europa.eu/article/id/462587-from-sci-fi-to-reality-researchers-realise-quantum-teleportation-using-today-s-internet-tech",23
"Rocket Lab – 'Raise and Shine' Launch for JAXA [video]","https://www.youtube.com/watch?v=cMP328yoUu4",23
"How Geometry Is Fundamental for Chess","https://lichess.org/@/RuyLopez1000/blog/how-geometry-is-fundamental-for-chess/h31wwhUX",23
"Contact Sheet Prompting","https://www.willienotwilly.com/contact-sheet-prompting",23
"Bookmark for CAD/2d/3D Useful links","https://github.com/yogananda-muthaiah/SAP-CPQ/tree/main/Integrations/CAD-2d-3d",23
"Six Big Bets","https://www.jerry.wtf/posts/six-big-bets/",22
"LastPass fined £1.2M by ICO for data breach","https://ico.org.uk/about-the-ico/media-centre/news-and-blogs/2025/12/password-manager-provider-fined/",22
"RFC 6677 DNS Transport over TCP – Implementation Requirements (2016)","https://www.ietf.org/rfc/rfc7766.txt",22
"Sharding to Contain the Blast Radius of Data Breaches","https://www.mimirsec.com/2025/12/05/sharding-to-contain-the-blast-radius-of-data-breaches/",22
"Optical context compression is just (bad) autoencoding","https://arxiv.org/abs/2512.03643",21
"The Secret Life of Moles: What They're Up to Underground","https://thenaturenetwork.co.uk/the-secret-life-of-moles-what-theyre-really-up-to-underground/",21
"Sid Meier: More Than Just Civilization","https://boilingsteam.com/sid-meier-more-than-just-civilization/",21
"Show HN: Open-source customizable AI voice dictation built on Pipecat","https://github.com/kstonekuan/tambourine-voice",20
"Kids Rarely Read Whole Books Anymore. Even in English Class","https://www.nytimes.com/2025/12/12/us/high-school-english-teachers-assigning-books.html",20
"Stacked Diffs on GitHub","https://twitter.com/jaredpalmer/status/1999525369725215106",19
"How the Bell Labs Holmdel Complex Inspired 'Severance'","https://www.atlasobscura.com/articles/podcast-bell-labs-holmdel-complex",19
"Humans rank above meerkats but below beavers in monogamy league table","https://www.theguardian.com/science/2025/dec/10/humans-rank-among-leading-monogamous-mammals-study-finds",19
"HyperCard on the Macintosh","https://stonetools.ghost.io/hypercard-mac/",18
"Online Piracy Can Boost Box Office Revenue, Study Suggests","https://torrentfreak.com/online-piracy-can-boost-box-office-revenue-study-suggests/",18
"Sperm donor with cancer-causing gene fathers nearly 200 children","https://scienceclock.com/sperm-donor-carrying-rare-cancer-causing-gene-fathers-nearly-200-children/",18
"3","https://en.wikipedia.org/wiki/3",18
"The military's new AI says boat strike 'unambiguously illegal'","https://san.com/cc/the-militarys-new-ai-says-hypothetical-boat-strike-scenario-unambiguously-illegal/",18
"Common Rust Lifetime Misconceptions","https://github.com/pretzelhammer/rust-blog/blob/master/posts/common-rust-lifetime-misconceptions.md",17
"The History of Xerox","https://www.abortretry.fail/p/the-history-of-xerox",17
"I wrote JustHTML using coding agents","https://friendlybit.com/python/writing-justhtml-with-coding-agents/",17
"Mesa shuts down credit card that rewarded cardholders for paying their mortgages","https://techcrunch.com/2025/12/14/mesa-shuts-down-credit-card-that-rewarded-cardholders-for-paying-their-mortgages/",17
"A Disappearing Service Processor","https://oxide.computer/blog/cosmo-sp",17
"Show HN: I Ching simulator with accurate Yarrow Stalk probabilities","https://castiching.com/",16
"Metacode: The new standard for machine-readable comments for Python","https://github.com/pomponchik/metacode",16
"The battle for Warner Bros is a prelude to the real streaming war","https://www.economist.com/leaders/2025/12/11/the-battle-for-warner-bros-is-a-prelude-to-the-real-streaming-war",16
"Denmark plans to restrict social media use for young people","https://apnews.com/article/denmark-social-media-ban-australia-1e96a3df3276cc2033a6f04effb89f51",16
"Hacking Google Chrome Source Code: Make Puppeteer work over Redis PubSub","https://www.deadf00d.com/post/chromium-pub-sub-redis.html",16
"Drinking the Largest Beer at the Airport Makes Everything Better","https://airportbeer.selfhelpartpublishingempire.com/",16
"Branch, Test, Deploy: A Git-Inspired Approach for Data","https://motherduck.com/blog/git-for-data-part-1/",15
"The mysterious MS-DOS reboot (2021)","https://www.edn.com/the-mysterious-ms-dos-reboot/",15
"Designing Electronics That Works","https://nostarch.com/designingelectronics",15
"Arizona city rejects data center after AI lobbying push","https://www.politico.com/news/2025/12/12/arizona-city-rejects-data-center-after-ai-lobbying-push-00688543",15
"BehindTheMedspeak: A Spinal Tap","https://bookofjoe2.blogspot.com/2025/10/behindthemedspeak-this-is-spinal-tap.html",15
"How Did the CIA Lose a Nuclear Device?","https://www.nytimes.com/interactive/2025/12/13/world/asia/cia-nuclear-device-himalayas-nanda-devi.html",15
"My First Language Front End with LLVM Tutorial","https://llvm.org/docs/tutorial/MyFirstLanguageFrontend/index.html",15
"AI: A Dedicated Fact-Failing Machine, Or, yet Another Reason Not to Trust It","https://whatever.scalzi.com/2025/12/13/ai-a-dedicated-fact-failing-machine-or-yet-another-reason-not-to-trust-it-for-anything/",14
"1 html search engine","https://k8o5.github.io/search",14
"Scam Compounds Become Targets in Thai-Cambodian Border War","https://www.wsj.com/world/asia/scam-compounds-become-targets-in-thai-cambodian-border-war-7fbfe575",14
"NSF announces initiative for new generation of research organizations","https://www.nsf.gov/news/nsf-announces-new-initiative-launch-scale-new-generation",14
"Checkpointing the Message Processing","https://event-driven.io/en/checkpointing_message_processing/",13
"Skills vs. Dynamic MCP Loadouts","https://lucumr.pocoo.org/2025/12/13/skills-vs-mcp/",13
"I couldn't find a logging library that worked for my library, so I made one","https://hackers.pub/@hongminhee/2025/logtape-fedify-case-study",13
"Updated Gemini 2.5 Flash Native Audio Model","https://blog.google/products/gemini/gemini-audio-model-updates/",13
"Linux GPIB Drivers Declared Stable – 53 Years After HP Introduced the Bus","https://www.phoronix.com/news/GPIB-De-Staged-Linux-6.19",12
"Oliver Sacks fabricated key details in his books","https://boingboing.net/2025/12/12/oliver-sacks-fabricated-key-details-in-his-books.html",12
"Emulating AVX-512 intrinsics in Miri","https://trifectatech.org/blog/emulating-avx-512-intrinsics-in-miri/",12
"First all-optical XPU processing system","https://www.akhetonics.com/",12
""THE WORLD OF OCR" IBM Promo Film","https://www.youtube.com/watch?v=SekWFCZVLUk",12
"Writing a Type-Safe Linux Perf Interface in Zig","https://pyk.sh/blog/2025-12-11-type-safe-linux-perf-event-open-in-zig",12
"Show HN: A real-time 4D fractal explorer in the browser using WebGPU","https://bryanjj.github.io/nebula/",12
"Grok is spreading misinformation about the Bondi Beach shooting","https://www.theverge.com/news/844443/grok-misinformation-bondi-beach-shooting",12
"Samsung to halt SATA SSD production","https://www.notebookcheck.net/Samsung-to-halt-SATA-SSD-production-leaker-warns-of-up-to-18-months-of-SSD-price-pressure-worse-than-Micron-ending-consumer-RAM.1184896.0.html",12
"A LLM trained only on data from certain time periods to reduce modern bias","https://github.com/haykgrigo3/TimeCapsuleLLM",12
"$5 whale listening hydrophone making workshop","https://exclav.es/2025/08/03/dinacon-2025-passive-acoustic-listening/",11
"Australia's social media ban in chaos as youths flock to Chinese alternatives","https://www.gbnews.com/news/world/australia-social-media-ban-under-16s-china",11
"The Eerie Parallels Between AI Mania and the Dot-Com Bubble","https://www.wsj.com/finance/stocks/the-eerie-parallels-between-ai-mania-and-the-dot-com-bubble-f99be6fe",11
"Show HN: Listened to your feedback, Critical CSS Generator","https://kigo.studio/tools/critical-css-generator",11
"Funerary figurines found in royal tomb identifies Pharoah","https://www.sciencealert.com/trove-of-225-exceptional-egyptian-figurines-solves-long-standing-mystery",11
"Ask HN: Thought-Provoking Books","item?id=46254256",11
"Elon Musk Is Wrong About Basic Income and Crime: Here Is the Evidence He Ignored","https://scottsantens.substack.com/p/elon-musk-is-wrong-about-universal-basic-income-ubi-and-crime",11
"Cosmic: Foundational software for designing beautiful user experiences","https://system76.com/cosmic",11
"Nvidia-backed Starcloud trains first AI model in space, orbital data centers","https://www.cnbc.com/2025/12/10/nvidia-backed-starcloud-trains-first-ai-model-in-space-orbital-data-centers.html",10
"Pig Video Arcades Critique Life in the Pen (1997)","https://www.wired.com/1997/06/pig-video-arcades-critique-life-in-the-pen/",10
"Scrapers Take Down GitHub: December 11 Outage Timeline","https://statusgator.com/blog/scrapers-take-down-github-december-11-outage-timeline/",10
"How to Turn Off AI Tools Like Gemini, Apple Intelligence, Copilot","https://www.consumerreports.org/electronics/artificial-intelligence/turn-off-ai-tools-gemini-apple-intelligence-copilot-and-more-a1156421356/",10
"Radiance Meshes for Volumetric Reconstruction","https://half-potato.gitlab.io/rm/",10
"Benchmarking NVENC video transcoding on the Pi","https://www.jeffgeerling.com/blog/2025/benchmarking-nvenc-video-transcoding-on-pi",10
"Canada Mobilizes a People's Army","https://charlieangus.substack.com/p/canada-mobilizes-a-peoples-army",10
"Ask HN: Any online tech spaces you hang around that don't involve AI?","item?id=46254307",10
"Copywriters reveal how AI has decimated their industry","https://www.bloodinthemachine.com/p/i-was-forced-to-use-ai-until-the",10
"Musk's Last Grift","https://crookedtimber.org/2025/11/22/musks-last-grift/",10
"Show HN: 999 Penguins","https://999penguins.com",9
"Systems of Record Are Evolving","https://cloudedjudgement.substack.com/p/clouded-judgement-121225-long-live",9
"Clean, Limitless Energy Exists. China Is Going Big in the Race to Harness It","https://www.nytimes.com/2025/12/13/climate/china-us-fusion-energy.html",9
"The state of the kernel Rust experiment","https://lwn.net/SubscriberLink/1050174/63aa7da43214c3ce/",9
"Is P=NP?","https://adlrocha.substack.com/p/adlrocha-is-nnp",9
"Dependent Names with a Little Encouragement","https://consteval.ca/2025/09/27/dependent-names/",9
"Intel Nears $1.6B Deal for AI Chip Startup SambaNova","https://www.bloomberg.com/news/articles/2025-12-12/intel-nears-1-6-billion-deal-for-ai-chip-startup-sambanova",9
"UK Treasury drawing up new rules to police cryptocurrency markets","https://www.theguardian.com/technology/2025/dec/15/uk-treasury-drawing-up-new-rules-to-police-cryptocurrency-markets",8
"Japan created a 1.4nm chip 60 times cheaper than TSMC [video]","https://www.youtube.com/watch?v=2iySRCSn_AM",8
"Annual Production of 1/72 (22mm) scale plastic soldiers, 1958-2025","https://plasticsoldierreview.com/ShowFeature.aspx?id=27",8
"Working at Cold War Los Alamos","https://doomsdaymachines.net/p/working-at-cold-war-los-alamos",8
"By December 31, 02026, autonomous vehicles will be banned from public roadways (2021)","https://longbets.org/885/",8
"Tiobe Index for December 2025: R Joins the Top as SQL Climbs","https://www.techrepublic.com/article/news-tiobe-commentary-dec-2025/",8
"Gentleman Guardian Angel – AI provider-agnostic code review via Git hook","https://github.com/Gentleman-Programming/gentleman-guardian-angel",7
"Show HN: Silly website to earn badges for touching grass","https://www.touched-grass.com",7
"Ukraine willing to drop ambitions to join NATO, Zelenskyy says","https://www.theguardian.com/world/2025/dec/14/ukraine-willing-to-drop-ambitions-to-join-nato-zelenskyy-says",7
"Job security in the age of AI? Get a state license – any state license","https://www.theguardian.com/business/2025/dec/15/job-security-state-license",7
"Faster Double-to-String Conversion","https://vitaut.net/posts/2025/faster-dtoa/",7
"How to Watch the Radiant Geminid Meteor Shower Tonight","https://www.smithsonianmag.com/smart-news/this-years-best-and-brightest-meteor-shower-peaks-this-weekend-heres-how-to-watch-the-radiant-geminids-180987858/",7
"Kpython – A MicroPython Sidecar for the Linux Kernel (Experimental)","https://github.com/pymergetic/kpython",7
"Compute in Space: a first principles interactive model","https://astrocompute.dev/",7
"The simple cult camera that inspired Instagram (2017)","https://www.bbc.com/future/article/20171113-the-toy-camera-that-inspired-instagram",7
"University life: From 50 years ago to now (2019)","https://www.timeshighereducation.com/student/blogs/university-life-50-years-ago-now",7
"Eliminating Second Seattle Rail Tunnel Could Save $4.5B, but with Major Impacts","https://www.theurbanist.org/2025/12/13/eliminating-second-seattle-rail-tunnel-could-save-4-5b-but-with-major-impacts-delays/",7
"iRobot Stock Is Surging. Retail Traders Think It's a New Short-Squeeze","https://www.businessinsider.com/irobot-stock-price-short-squeeze-retail-investors-irbt-meme-stock-2025-12",6
"Ctop: Top-Like Container/Docker Monitoring Tool","https://github.com/bcicen/ctop",6
"Using a projector instead of a computer monitor","https://blog.shenjiasi.com/20171006.html",6
"A unscientific guide to the security of various PQC algorithms","https://keymaterial.net/2025/12/13/a-very-unscientific-guide-to-the-security-of-various-pqc-algorithms/",6
"The Biggest Causes of Medical Device Recalls","https://spectrum.ieee.org/medical-device-recalls",6
"Breaking Paragraphs into Lines [pdf]","https://gwern.net/doc/design/typography/tex/1981-knuth.pdf",6
"Indexed Reverse Polish Notation, an Alternative to AST","https://burakemir.ch/post/indexed-rpn/",6
"In letter to tech, 42 AG's target "sycophantic and delusional" AI outputs [pdf]","https://www.iowaattorneygeneral.gov/media/cms/12_68B5C629180F6.pdf",6
"In Praise of HTML and CSS","https://blog.sturdystatistics.com/posts/html/",5
"AI URI Scheme Internet-Draft","https://www.ietf.org/archive/id/draft-sogomonian-ai-uri-scheme-01.html",5
"The Big City; Save the Flophouses","https://www.nytimes.com/1996/01/14/magazine/the-big-city-save-the-flophouses.html",5
"Honing rods analyzed with an electron microscope – Scienceofsharp (2018)","https://scienceofsharp.com/2018/08/22/what-does-steeling-do-part-1/",5
"Buried in Snow, Yellowstone's Bison Have No Problems Weathering Winter","https://cowboystatedaily.com/2025/12/13/buried-in-snow-bison-have-no-problems-weathering-winter/",5
"Recovering Anthony Bourdain's (really) lost Li.st's","https://sandyuraz.com/blogs/bourdain/",5
"Loop-Invariant Code Motion","https://xania.org/202512/13-licking-licm",5
".NET Wrapper for latest PCRE2 library","https://github.com/ltrzesniewski/pcre-net",5
"Mount Git repo to view commits and branches as files","https://github.com/matthiasgoergens/git-snap-fs",5
"Living Particle System","https://creative-art-points.vercel.app/",5
"In Defense of Matlab Code","https://runmat.org/blog/in-defense-of-matlab-whiteboard-style-code",5
"Ask HN: Best back end to run models on Google TPU?","item?id=46268766",4
"'It was like a dream': How Australia's rarest bird of prey was found","https://www.watoday.com.au/national/western-australia/it-was-like-a-dream-how-australia-s-rarest-bird-of-prey-was-found-in-wa-s-north-20251210-p5nmkx.html",4
"Auto-Grading Ten Years of Earnings Calls for Prescience and Delusion","https://knowtrend.ai/blog/hindsight-analysis",4
"A Kinect for kids is outselling Xbox to become the hot console this holiday","https://www.theverge.com/news/844380/nex-playground-outselling-the-xbox",4
"Linux System Calls","https://www.matheusmoreira.com/articles/linux-system-calls",4
"Type Stripping with Zero Dependencies","https://termer.net/blog/type-stripping-with-zero-dependencies/",4
"Developers have canceled nearly 2k power projects this year – report","https://seekingalpha.com/news/4530351-developers-have-canceled-nearly-2000-power-projects-this-year-report",4
"Cycle-accurate YM2149 PSG emulator","https://github.com/slippyex/ym2149-rs",4
"Ink and Switch – An independent research lab exploring tools for thought","https://www.inkandswitch.com",4
"Where CC Stands on Pay-to-Crawl","https://creativecommons.org/2025/12/12/where-cc-stands-on-pay-to-crawl/",4
"Magit-insert-worktrees improves status buffers","https://huonw.github.io/blog/2025/12/magit-insert-worktrees/",4
"University of Nebraska-Lincoln Collection of Astronomy Simulations & Animations","https://astro.unl.edu/animationsLinks.html",4
"Countries with the Most Spoken Languages","https://www.visualcapitalist.com/ranked-the-10-countries-with-the-most-spoken-languages/",3
"Ravaan.art","https://ravaan.art/?seed=71dafa3svng",3
"Things I learned making a game engine","https://www.joelotter.com/posts/2025/12/growl/",3
"The Well: 15TB of Physics Simulations","https://github.com/PolymathicAI/the_well",3
"Stronger Normalization-Free Transformers","https://arxiv.org/abs/2512.10938",3
"Ask HN: How do I navigate horror of requirement gathering in product management?","item?id=46262228",3
"Why Rust for Embedded Systems? (and Why I'm Teaching Robotics with It)","https://blog.ravven.dev/blog/why-rust-for-embedded-systems/",3
"Chip‐8 Technical Reference","https://github.com/mattmikolay/chip-8/wiki/CHIP%E2%80%908-Technical-Reference",3
"The future of long-term data storage is clear and will last 14B years","https://www.theregister.com/2025/12/14/sphotonix_moves_5d_memory_crystal/",3
"Don't Gobble Up Errors","https://programming.protips.wiki/dont-gobble-up-errors/",3
"EasyPost (YC S13) Is Hiring","https://www.easypost.com/careers",0
